{"cameraMode":{"drawMode":0,"name":"Shaded","section":"Shading Mode"},"sceneLighting":true,"audioPlay":false,"sceneViewState":{"showFog":true,"showMaterialUpdate":false,"showSkybox":true,"showFlares":true,"showImageEffects":true,"showParticleSystems":true},"in2DMode":false,"pivot":{"x":-0.28362560272216799,"y":2.9700000286102297,"z":0.18749220669269563},"rotation":{"x":0.14087383449077607,"y":-0.8591258525848389,"z":0.34744691848754885,"w":0.3483360707759857},"size":46.494300842285159,"orthographic":false}